Organisation,Country
National Science Foundation Dimensions of Biodiversity grant,USA
USA: NSF,USA
University National Science Foundation of Jiangsu Province of China,China
NSF Instrumentation Facilities,USA
"Department of Veterans Affairs, Office of Patient-Centered Care and Cultural Transformation",USA
NSFC for Excellent Youth Scholars of China,China
Chinese National Science Foundation's,China
Advanced Catalytic Transformation program for Carbon utilization (ACT-C) project of the Japan Science and Technology Agency (JST),Japan
National Science Foundation postdoctoral fellowship,USA
"UMass Center for Hierarchical Manufacturing (CHM), a NSF Nanoscale Science and Engineering Center",USA
NSF Assembling the Tree of Life (AToL),USA
NSF Science and Technology Center-Materials and Devices for Information Technology,USA
Adaptable and Seamless Technology Transfer Program,Japan
Belgian National Science Foundation,Belgium
U.S. National Science Foundation Climate Dynamics Program,USA
International Cooperation and Exchange of the National Science Foundation of China,China
National Science Foundation (IGERT),USA
Fonds de la recherche en sante du Quebec for Transfusional and Hemovigilance Medical Research,Canada
National Natural Science Foundation of China (NSFC) - Xinjiang project,China
Swiss National Science Foundation through Division II,Switzerland
National Science Foundation - United States (NSF),USA
US National Science Foundations (NSF) through the TRUST Science and Technology Center,USA
China grant NSFC,China
National Science Foundation of the U.S.A,USA
National Science Foundation Ocean-Sciences (NSF-OCE),USA
"Center for Emergent Materials at the Ohio State University, a NSF MRSEC",USA
National Natural and Science Foundation of China (NSFC),China
NSF CIAN ERC Center for Integrated Access Network,USA
Stanford Environmental Molecular Science Institute through NSF,USA
NSF Aeronomy Program,USA
"National Institutes of Health, National Science Foundation",USA
"National Science Foundation, Division of Emerging Frontiers in Research and Innovations (EFRI)",USA
NSFC/Hong Kong RGC Research Scheme,China
US National Science Foundation through Moorea Coral Reef LTER,USA
Gene Transformation Projects,N/A
"NSF of Jiangxi, China",China
NSF-EPSCoR,USA
National Science Foundation of China (NSFQ),China
Hungarian National Science Foundation,Hungary
Guangxi NSF Key Project,China
NSFC Tianyuan Projects,China
National Science Foundation (NSF,USA
National Science Foundation under the CCI Center for Enabling New Technologies through Catalysis (CENTC) Phase II Renewal,USA
NSF IGERT Program in Geobiological Systems,USA
NSFC (National Science Fund of China),China
National Education Base of Bioscience Research from the National Science Foundation of China,China
NSFC International (Regional) Cooperation and Exchange Program,China
NSF of the National Natural Science Foundation of China,China
Center for Probing the Nanoscale at Stanford University (NSF),USA
Transformation Project of Sci-tech Achievements of SYSU,China
"NSF, United States of America",USA
National Science Foundation Bridge to the Doctorate Fellowship,USA
"Special Program for Independent Innovation and Achievements Transformation of Shandong Province, China",China
MIT MRSEC through MRSEC Program of the National Science Foundation,USA
Innovative Research Groups of the National Science Foundation of China,China
U.S. National Science Foundation (grant CMMI),USA
NSF Physics Frontier Centers,USA
"National Science Foundation for Young Scientists of Jiangsu Province, China",China
"Center for Brains, Minds and Machines (CBMM) - NSF STC",USA
Tianjin Agricultural Science and Technology Achievement Transformation and Promotion project,China
U.S. National Science Foundation (NSF) Cyber-enabled Discovery and Innovation (CDI) program,USA
N NSFC,China
National Science Foundation-Graduate Research Fellowship Program,USA
National Science Foundation Center for Environmental Implications of Nanotechnology (CEINT),USA
Programe of Independent and Achievement Transformation plan for Zaozhuang,China
General Program of NNSF of China,China
Rustaveli National Science Foundation of Georgia,Georgia
Nation Nature Science Foundation of China (NSFC),China
Japan Science and Technology Adaptable and Seamless Technology Transfer Program through target-driven RD,Japan
Foundation for Innovative Research Groups of National Science Foundation of China (NSFC): Marine Organic Biogeochemistry,China
Swiss National Science Foundation - Umbrella project,Switzerland
NSF of Shenzhen,China
NSF of Anhui Education Bureau,China
Japan Society for the Promotion of Science-National Research Foundation of Korea-National Science Foundation of China (JSPS-NRF-NSFC) A3 Foresight Program in the field of Plasma Physics (NSFC),"International (Japan, Korea, China)"
National Science Foundation for Distinguished Young Scholars of Fujian Province,China
National Science Foundation for Post-doctoral Scientists of Jiangsu Province in China,China
Inner Mongolia National Science Foundation,China
National Natural Science Foundation of China (NSFC) foundation,China
National Science Foundation's Division of Polar Programs,USA
Nano/Bio Interface Center at the University of Pennsylvania through the NSF NSEC,USA
NSF Faculty Early Career Development (CAREER) Program,USA
NNSF Projects of China,China
Australian Research Council through the Industrial Transformation Training Centre for LNG Futures,Australia
National Science Foundation under NSF Collaborative Research Award,USA
NSF Graduate Research Fellowships,USA
American Association for Cancer Research (NextGen Grant for Transformative Cancer Research),USA
National Science Foundation (CBET Energy for Sustainability),USA
NSF IOS,USA
U.S. National Science Foundation (NSF) through International Materials Institute for New Functionality in Glass (IMI-NFG),USA
NSF through the University of Wisconsin Nanoscale Science and Engineering Center,USA
NSF Petascale Simulations and Analysis (PetaApps) program,USA
Chinese government through National Science Foundation of China (NSFC),China
"CEM, an NSF MRSEC",USA
National Science Foundation (MSN),USA
National Science Foundation of Anhui,China
Youth Science Fund Project of NNSF of China,China
NSF's Geospace Environment Modeling grant,USA
"National Science Foundation, Science and Technology Center",USA
Joint NSFC-ISF Research Program,"International (China, Israel)"
NSF from the NRAO,USA
National Science Foundation Plant Genome Research,USA
National Science Foundation of China NSFC,China
Swiss-NSF,Switzerland
National Science Foundation National Nanotechnology Coordinated Infrastructure Texas Nanofabrication Facility,USA
NSF SCREMS,USA
Fund for the Transformation of Major Scientific and Technological Achievements of Jiangsu Province,China
NSF Water and Environmental Technology Center at Arizona State University,USA
Joint Institute for Nuclear Astrophysics (JINA; NSF),USA
National Science Foundation of China (NSFC) Key Program,China
Visy through the Industry Transformation Research Hub grant,Australia
NSF CRIF MU,USA
Industrial Transformation Research Hub,Australia
NSF-MRI-R2 grant,USA
Hong Kong RGC-NSFC,"Hong Kong, China"
National Science Foundation of Hangkong,"Hong Kong, China"
"Center for Engineering MechanoBiology (CEMB), an NSF Science and Technology Center",USA
"U.S. National Science Foundation, through International Materials Institute for New Functionality in Glass (IMI-NFG)",USA
NSF through the UMN MRSEC,USA
Guangxi NSFC,China
LHC-TI under U.S. National Science Foundation,USA
National Natural Science Foundation ofChina (NSFC),China
Swiss National Science Foundation (NCCR MUST),Switzerland
"National Program for Support of Top-notch Young Professionals, National Natural Science Foundation of China NSFC",China
U S. National Science Foundation,USA
NSF-GOALI program,USA
NSFY/China,China
NCAR/EOL under National Science Foundation,USA
NSF through ERC program,USA
Large Scientific Apparatus United Fund from NSFC,China
NIH/National Institute of General Medical Sciences under NSF,USA
Swiss National Science Foundation SNF grants,Switzerland
National Sciences Foundation (NSF) Earth System Modeling Program at NCSU,USA
NSFC-NRCT joint project,China
"National Natural Science Foundation of China (NSFC), Shanxi",China
NSF-Plant Genome Program,USA
National Natural Science Foundation of China NSFC-CGIAR Project,China
Dynamik und Intermediate molekularer Transformationen (DFG),Germany
NSF of Jiangsu Provence - China,China
National Agricultural Achievements Transformation Fund,China
Project of the National Natural Science Foundation of China (NSFC),China
NSF EPSCoR CIMM project,USA
National Science Foundation (NSF) Research Experiences for Undergraduates (REU) program,USA
"National Science Foundation for Natural Science, China",China
NSF Creative Team Project of Hubei Province,China
Centre for Innovation and Transfer of Natural Sciences and Engineering Knowledge at the University of Rzeszow,Poland
National Science Foundation East Asia and Pacific Summer Institute Fellowship,USA
"NSF of Fujian Province, China",China
MRSEC program of the NSF at the MRC of Northwestern,USA
Foundation for Innovative Research Groups of NNSFC,China
US National Science Foundation's Division of Environmental Biology,USA
National Science Foundation EPSCoR program at the University of Montana,USA
NSF PHY Grant,USA
NSF Cooperative Agreement for the Operation of a National Ocean Sciences Accelerator Mass Spectrometry Facility,USA
